{"_timestamp":1.739822380243576e+09,"_runtime":0.246807,"_step":0,"iteration":4,"_wandb":{"runtime":0}}