{"_runtime":0.285975,"_step":0,"_wandb":{"runtime":0},"iteration":0,"_timestamp":1.73982237265404e+09}