{"iteration":2,"_timestamp":1.7398223764561129e+09,"_runtime":0.24495,"_step":0,"_wandb":{"runtime":0}}