{"iteration":7,"_timestamp":1.739822386024519e+09,"_runtime":0.400545,"_step":0,"_wandb":{"runtime":0}}