{"_timestamp":1.73982237839411e+09,"_runtime":0.253229,"_step":0,"_wandb":{"runtime":0},"iteration":3}