{"_runtime":0.248905,"_step":0,"_wandb":{"runtime":0},"iteration":6,"_timestamp":1.739822383976722e+09}