{"iteration":5,"_timestamp":1.739822382116402e+09,"_runtime":0.255135,"_step":0,"_wandb":{"runtime":0}}