{"_runtime":0.250356,"_step":0,"iteration":1,"_wandb":{"runtime":0},"_timestamp":1.739822374570716e+09}