{"_runtime":0.24716,"_step":0,"iteration":9,"_wandb":{"runtime":0},"_timestamp":1.73982238978355e+09}