{"_step":0,"iteration":8,"_timestamp":1.739822387926383e+09,"_wandb":{"runtime":0},"_runtime":0.256219}